Date ;max_temp;min_temp;max_temp_app;min_temp_app;
2020-01-01;19.6;8.7;16.7;5.5;
2020-01-02;19.1;8.2;17.4;5.9;
2020-01-03;22.2;9.8;19.8;6.6;
2020-01-04;21.0;7.3;18.4;4.3;
2020-01-05;21.2;6.6;18.2;3.9;
2020-01-06;24.8;8.6;21.3;4.8;
2020-01-07;24.3;11.7;21.2;8.4;
2020-01-08;16.6;9.3;14.9;6.7;
2020-01-09;16.3;9.2;13.3;6.2;
2020-01-10;18.0;6.3;15.9;3.1;
2020-01-11;16.0;6.1;14.3;3.1;
2020-01-12;16.8;6.7;14.3;3.8;
2020-01-13;16.8;7.1;14.7;5.1;
2020-01-14;16.7;6.0;15.1;3.2;
2020-01-15;17.7;5.6;16.0;2.7;
2020-01-16;15.3;7.1;13.3;5.0;
2020-01-17;16.2;6.7;13.9;5.1;
2020-01-18;20.7;7.0;17.4;3.0;
2020-01-19;23.1;9.9;20.5;5.9;
2020-01-20;17.4;11.2;16.0;9.4;
2020-01-21;16.6;10.2;15.0;8.8;
2020-01-22;17.4;8.3;16.7;5.6;
2020-01-23;23.6;8.9;21.0;6.2;
2020-01-24;22.5;9.5;20.6;6.8;
2020-01-25;21.2;9.2;19.9;7.8;
2020-01-26;16.2;10.6;15.1;10.0;
2020-01-27;22.2;7.7;20.2;4.9;
2020-01-28;24.0;9.8;20.9;7.0;
2020-01-29;23.7;8.2;19.0;5.3;
2020-01-30;22.4;10.1;18.8;5.7;
2020-01-31;27.7;10.3;24.1;6.9;
2020-02-01;28.6;12.6;25.7;9.0;
2020-02-02;20.5;11.3;19.7;7.7;
2020-02-03;17.2;8.3;11.1;3.2;
2020-02-04;16.5;3.5;11.6;-1.3;
2020-02-05;16.1;4.3;12.1;-0.5;
2020-02-06;17.8;5.9;15.3;2.0;
2020-02-07;19.5;6.3;17.5;3.8;
2020-02-08;20.2;7.3;18.6;5.1;
2020-02-09;14.8;9.0;12.7;7.5;
2020-02-10;23.6;9.3;19.3;5.9;
2020-02-11;23.4;10.4;20.1;6.2;
2020-02-12;18.7;7.3;16.9;3.8;
2020-02-13;20.4;7.4;18.4;4.8;
2020-02-14;20.4;7.2;18.5;4.6;
2020-02-15;20.6;6.6;19.0;3.8;
2020-02-16;20.7;8.6;19.3;6.9;
2020-02-17;21.5;7.6;19.7;5.3;
2020-02-18;21.3;9.4;21.3;7.8;
2020-02-19;20.2;12.2;19.7;11.5;
2020-02-20;25.2;8.5;23.2;6.1;
2020-02-21;24.9;12.7;22.6;9.1;
2020-02-22;16.9;12.5;15.6;11.5;
2020-02-23;18.2;10.6;17.4;9.5;
2020-02-24;20.6;8.7;20.2;6.5;
2020-02-25;27.7;9.3;24.5;7.1;
2020-02-26;26.7;12.3;22.3;8.0;
2020-02-27;29.9;13.2;28.8;8.6;
2020-02-28;29.1;16.7;26.6;12.4;
2020-02-29;21.0;12.2;19.7;10.4;
2020-03-01;15.1;10.5;12.6;8.3;
2020-03-02;22.9;7.7;18.3;5.0;
2020-03-03;26.4;13.3;23.2;8.0;
2020-03-04;22.4;10.5;21.8;8.7;
2020-03-05;24.9;12.2;24.2;11.6;
2020-03-06;21.2;10.1;21.4;8.5;
2020-03-07;17.8;12.6;15.8;11.1;
2020-03-08;18.2;10.2;16.3;8.9;
2020-03-09;24.0;8.3;25.0;5.4;
2020-03-10;18.2;13.8;18.0;11.5;
2020-03-11;21.8;14.9;21.2;14.4;
2020-03-12;16.3;11.3;15.4;9.9;
2020-03-13;13.8;11.1;13.8;10.2;
2020-03-14;14.0;12.1;13.8;11.5;
2020-03-15;16.5;11.7;15.1;10.2;
2020-03-16;16.0;9.4;12.9;7.6;
2020-03-17;14.1;5.9;12.1;3.1;
2020-03-18;17.0;5.8;14.8;3.4;
2020-03-19;15.7;7.8;13.3;5.5;
2020-03-20;17.7;9.1;16.7;6.8;
2020-03-21;18.9;10.2;18.2;8.9;
2020-03-22;20.1;9.0;19.6;6.7;
2020-03-23;17.8;11.3;16.7;10.4;
2020-03-24;17.9;9.6;16.7;7.7;
2020-03-25;17.4;9.7;16.1;7.9;
2020-03-26;16.4;6.3;13.4;3.3;
2020-03-27;17.8;6.2;15.1;2.5;
2020-03-28;18.3;8.3;17.4;5.7;
2020-03-29;18.7;8.5;17.9;6.0;
2020-03-30;22.5;8.6;22.1;6.3;
2020-03-31;24.0;10.6;24.1;8.6;
2020-04-01;22.9;13.2;23.3;13.0;
2020-04-02;19.8;13.3;20.1;12.6;
2020-04-03;20.4;10.4;19.9;8.6;
2020-04-04;19.9;11.1;19.4;9.5;
2020-04-05;16.5;13.1;14.3;11.6;
2020-04-06;15.8;12.0;15.1;10.6;
2020-04-07;17.3;10.3;16.6;9.0;
2020-04-08;15.4;9.4;14.0;8.6;
2020-04-09;13.0;9.7;11.5;7.4;
2020-04-10;17.2;9.6;16.7;7.8;
2020-04-11;21.1;9.1;21.5;8.0;
2020-04-12;16.1;13.7;15.6;13.4;
2020-04-13;18.1;11.9;16.9;10.9;
2020-04-14;25.2;9.9;25.0;8.4;
2020-04-15;27.9;11.2;26.6;8.3;
2020-04-16;23.7;11.4;23.7;9.7;
2020-04-17;19.3;12.3;19.2;11.5;
2020-04-18;18.8;12.5;18.2;11.4;
2020-04-19;19.8;10.8;19.3;9.6;
2020-04-20;19.7;12.6;19.5;12.3;
2020-04-21;22.7;12.2;22.8;11.3;
2020-04-22;29.9;11.6;31.1;10.3;
2020-04-23;31.5;15.7;33.4;15.4;
2020-04-24;35.3;16.8;35.9;16.7;
2020-04-25;32.6;17.2;33.9;16.2;
2020-04-26;29.9;14.1;31.8;13.4;
2020-04-27;26.8;14.5;28.7;14.2;
2020-04-28;28.0;15.3;31.2;15.1;
2020-04-29;26.2;15.8;28.9;16.2;
2020-04-30;25.7;16.4;27.9;17.3;
2020-05-01;25.2;14.4;26.3;15.2;
2020-05-02;25.7;14.7;27.2;13.4;
2020-05-03;24.8;13.4;26.6;13.2;
2020-05-04;27.8;12.6;29.3;11.6;
2020-05-05;32.4;14.2;33.0;13.0;
2020-05-06;33.4;15.3;33.6;14.3;
2020-05-07;33.0;17.2;33.9;15.2;
2020-05-08;28.9;16.4;30.9;16.3;
2020-05-09;26.0;16.1;27.7;16.5;
2020-05-10;24.2;15.8;25.7;15.9;
2020-05-11;23.5;14.5;24.6;13.9;
2020-05-12;22.6;12.1;22.5;11.3;
2020-05-13;22.8;12.0;22.8;10.6;
2020-05-14;24.5;13.1;24.7;11.7;
2020-05-15;25.5;15.7;26.4;14.7;
2020-05-16;27.5;14.1;29.1;13.4;
2020-05-17;26.1;15.0;28.3;15.1;
2020-05-18;22.3;14.8;21.9;14.2;
2020-05-19;21.3;11.5;20.3;10.3;
2020-05-20;22.9;12.4;23.3;11.2;
2020-05-21;29.1;11.8;29.5;10.6;
2020-05-22;25.4;14.9;26.3;15.2;
2020-05-23;23.2;15.6;24.5;15.4;
2020-05-24;25.8;12.4;27.5;12.0;
2020-05-25;27.7;13.4;29.1;13.3;
2020-05-26;29.7;15.0;31.0;15.7;
2020-05-27;27.6;15.3;30.0;15.9;
2020-05-28;25.1;15.4;27.8;16.3;
2020-05-29;23.0;16.2;23.8;16.9;
2020-05-30;24.4;16.3;25.6;15.7;
2020-05-31;25.5;12.9;27.1;12.3;
2020-06-01;28.9;15.2;28.5;14.6;
2020-06-02;28.9;15.5;30.5;15.2;
2020-06-03;32.7;17.8;34.4;17.4;
2020-06-04;25.5;18.0;28.2;18.7;
2020-06-05;21.7;16.6;23.4;15.9;
2020-06-06;22.3;15.7;23.0;15.7;
2020-06-07;24.7;13.7;24.5;12.9;
2020-06-08;31.9;15.8;29.2;12.7;
2020-06-09;36.3;19.7;33.5;15.4;
2020-06-10;36.5;20.2;35.0;16.3;
2020-06-11;32.5;17.4;33.0;16.1;
2020-06-12;25.5;16.4;26.6;16.5;
2020-06-13;25.0;13.9;26.0;14.2;
2020-06-14;25.5;13.6;27.3;12.6;
2020-06-15;26.1;14.3;28.4;14.2;
2020-06-16;24.0;17.0;25.7;17.8;
2020-06-17;24.0;17.4;24.7;17.9;
2020-06-18;22.9;16.0;23.9;16.2;
2020-06-19;23.7;15.6;25.2;16.2;
2020-06-20;23.6;16.9;24.9;17.3;
2020-06-21;25.0;17.4;26.9;18.1;
2020-06-22;27.2;17.4;29.9;18.3;
2020-06-23;26.3;16.9;29.3;17.7;
2020-06-24;26.2;17.2;28.9;18.4;
2020-06-25;26.5;17.4;28.6;18.0;
2020-06-26;26.7;16.5;28.6;17.3;
2020-06-27;26.3;17.3;29.0;18.7;
2020-06-28;22.7;17.9;24.0;18.2;
2020-06-29;23.3;16.9;24.0;17.2;
2020-06-30;24.2;13.9;26.2;13.9;
2020-07-01;24.3;16.3;26.2;17.1;
2020-07-02;26.6;16.2;28.1;16.9;
2020-07-03;30.0;14.9;31.3;14.8;
2020-07-04;29.8;15.2;31.3;15.2;
2020-07-05;32.0;15.7;33.9;15.8;
2020-07-06;31.7;17.1;33.6;17.1;
2020-07-07;30.2;16.5;32.7;16.4;
2020-07-08;28.2;16.5;30.5;16.3;
2020-07-09;29.1;16.2;31.0;17.1;
2020-07-10;32.2;17.7;33.8;19.1;
2020-07-11;34.6;18.2;35.5;19.1;
2020-07-12;33.4;19.2;35.5;20.4;
2020-07-13;29.9;18.4;33.1;19.4;
2020-07-14;27.6;18.2;29.9;19.4;
2020-07-15;27.4;17.3;29.1;18.1;
2020-07-16;26.4;15.5;28.5;16.1;
2020-07-17;27.4;16.2;29.8;16.7;
2020-07-18;28.1;16.0;30.0;16.3;
2020-07-19;28.0;14.7;29.9;14.9;
2020-07-20;27.0;15.2;29.4;16.0;
2020-07-21;28.0;15.4;30.4;16.3;
2020-07-22;24.9;15.4;26.9;16.5;
2020-07-23;25.6;16.0;27.1;16.4;
2020-07-24;26.1;14.5;28.4;14.9;
2020-07-25;27.1;14.9;29.4;15.5;
2020-07-26;28.1;15.0;30.8;15.3;
2020-07-27;26.5;15.0;28.8;15.5;
2020-07-28;26.8;15.1;28.9;15.7;
2020-07-29;27.7;15.8;30.5;16.5;
2020-07-30;30.2;16.2;32.5;17.1;
2020-07-31;32.8;17.1;34.5;16.7;
2020-08-01;31.9;16.7;34.0;15.0;
2020-08-02;30.7;17.5;33.6;18.9;
2020-08-03;29.6;18.2;32.5;19.8;
2020-08-04;26.8;18.0;29.8;19.2;
2020-08-05;25.8;17.4;28.4;18.2;
2020-08-06;26.2;17.0;28.1;18.0;
2020-08-07;26.9;14.6;29.0;14.6;
2020-08-08;27.7;15.9;30.0;16.1;
2020-08-09;27.9;14.9;29.7;15.2;
2020-08-10;28.0;16.4;29.2;17.3;
2020-08-11;28.0;15.7;29.2;15.9;
2020-08-12;31.6;14.2;32.2;12.7;
2020-08-13;33.7;19.7;33.2;20.6;
2020-08-14;35.1;21.9;36.8;22.7;
2020-08-15;36.4;23.1;39.5;23.3;
2020-08-16;35.5;23.5;38.4;25.4;
2020-08-17;33.4;22.5;37.2;24.8;
2020-08-18;40.5;21.7;42.2;24.2;
2020-08-19;35.9;24.5;40.1;26.8;
2020-08-20;34.4;22.7;38.5;25.4;
2020-08-21;34.0;22.4;38.7;24.4;
2020-08-22;34.8;23.2;36.8;26.5;
2020-08-23;32.5;23.4;37.2;26.3;
2020-08-24;29.8;21.2;34.6;23.9;
2020-08-25;31.9;19.4;35.8;21.4;
2020-08-26;32.1;18.8;35.2;20.1;
2020-08-27;33.2;18.5;36.1;20.4;
2020-08-28;29.7;17.4;31.8;18.1;
2020-08-29;28.2;16.9;30.0;18.0;
2020-08-30;26.9;15.9;28.4;16.5;
2020-08-31;26.7;16.2;28.3;17.0;
2020-09-01;26.5;17.3;28.0;18.5;
2020-09-02;27.1;15.8;29.0;16.2;
2020-09-03;29.0;17.1;32.3;17.7;
2020-09-04;32.9;17.7;35.6;19.0;
2020-09-05;41.5;20.0;42.6;19.9;
2020-09-06;45.0;26.2;45.1;24.7;
2020-09-07;30.5;22.7;34.1;25.1;
2020-09-08;25.2;20.7;27.6;22.8;
2020-09-09;29.0;18.2;30.2;16.4;
2020-09-10;29.0;14.5;29.8;12.6;
2020-09-11;30.8;14.7;30.8;12.3;
2020-09-12;30.3;15.7;30.4;13.5;
2020-09-13;29.7;13.9;31.0;12.0;
2020-09-14;31.5;15.1;32.4;14.0;
2020-09-15;32.5;15.8;33.2;15.0;
2020-09-16;35.4;16.8;34.5;14.8;
2020-09-17;35.2;17.0;33.8;13.9;
2020-09-18;35.7;19.6;34.5;16.9;
2020-09-19;31.3;18.0;32.1;18.2;
2020-09-20;28.4;14.8;29.6;13.8;
2020-09-21;28.1;17.1;29.1;18.0;
2020-09-22;29.4;17.2;30.7;18.2;
2020-09-23;30.5;15.4;31.1;15.4;
2020-09-24;31.0;14.9;32.3;13.6;
2020-09-25;28.7;17.1;30.1;18.2;
2020-09-26;27.9;16.3;29.9;17.7;
2020-09-27;28.5;18.2;30.4;20.1;
2020-09-28;32.7;16.1;34.4;16.4;
2020-09-29;35.0;17.8;35.3;18.7;
2020-09-30;38.9;18.6;37.9;17.2;
2020-10-01;40.0;20.3;38.1;18.0;
2020-10-02;37.6;18.1;36.6;17.0;
2020-10-03;35.2;17.8;34.7;16.9;
2020-10-04;34.8;17.5;33.2;15.4;
2020-10-05;34.0;17.3;32.8;15.3;
2020-10-06;32.0;15.8;33.8;13.6;
2020-10-07;27.5;16.8;28.4;16.9;
2020-10-08;25.4;17.4;25.6;18.4;
2020-10-09;23.9;16.4;24.4;17.2;
2020-10-10;24.5;17.4;24.4;18.1;
2020-10-11;25.7;14.8;26.6;14.7;
2020-10-12;34.5;14.6;34.2;13.7;
2020-10-13;35.8;19.0;34.4;17.4;
2020-10-14;34.7;18.3;33.5;15.8;
2020-10-15;34.9;18.9;34.2;18.1;
2020-10-16;33.9;17.9;34.0;17.0;
2020-10-17;30.8;16.5;31.3;15.8;
2020-10-18;28.6;17.6;29.3;19.3;
2020-10-19;25.8;16.2;27.2;16.8;
2020-10-20;26.6;16.8;27.5;18.1;
2020-10-21;24.4;17.3;25.2;18.6;
2020-10-22;22.1;16.8;22.3;17.3;
2020-10-23;21.4;15.3;21.4;15.8;
2020-10-24;20.9;16.9;21.1;17.3;
2020-10-25;20.3;15.3;19.1;14.6;
2020-10-26;23.8;13.0;17.9;9.1;
2020-10-27;25.6;12.3;21.0;6.9;
2020-10-28;24.8;10.7;22.8;7.3;
2020-10-29;29.3;10.8;26.0;7.8;
2020-10-30;28.9;11.4;26.5;8.6;
2020-10-31;29.3;10.8;27.4;7.7;
2020-11-01;30.4;12.9;27.4;10.7;
2020-11-02;25.5;12.7;25.4;10.7;
2020-11-03;25.5;13.0;25.6;12.7;
2020-11-04;29.0;11.6;28.2;10.0;
2020-11-05;33.7;16.3;30.4;13.6;
2020-11-06;23.9;14.1;24.4;12.9;
2020-11-07;16.0;9.1;12.3;7.1;
2020-11-08;16.4;8.1;12.1;5.9;
2020-11-09;16.6;5.8;13.4;2.5;
2020-11-10;19.3;6.5;15.1;3.0;
2020-11-11;20.1;6.6;17.1;3.2;
2020-11-12;21.4;7.0;18.3;4.0;
2020-11-13;20.2;7.6;18.0;4.7;
2020-11-14;20.2;8.9;18.7;6.8;
2020-11-15;30.0;12.0;25.8;8.4;
2020-11-16;33.2;16.8;29.5;12.4;
2020-11-17;26.2;13.1;23.0;9.5;
2020-11-18;19.6;12.3;18.5;11.7;
2020-11-19;20.3;11.2;19.4;9.8;
2020-11-20;24.0;9.3;21.7;7.2;
2020-11-21;25.5;9.9;23.2;7.6;
2020-11-22;23.1;9.7;21.5;7.1;
2020-11-23;17.6;9.8;16.6;8.6;
2020-11-24;20.4;10.2;18.8;8.6;
2020-11-25;19.0;9.2;17.9;7.5;
2020-11-26;22.0;9.1;17.7;5.0;
2020-11-27;20.7;8.2;15.8;3.2;
2020-11-28;23.1;8.9;18.6;3.9;
2020-11-29;24.8;8.7;20.4;4.3;
2020-11-30;25.9;9.9;21.6;5.4;
2020-12-01;25.4;10.4;21.3;6.1;
2020-12-02;26.9;10.1;24.1;5.7;
2020-12-03;23.4;10.4;20.0;5.1;
2020-12-04;23.9;8.4;19.3;3.3;
2020-12-05;24.1;7.5;19.8;3.0;
2020-12-06;24.2;8.1;20.5;3.8;
2020-12-07;23.1;8.9;19.3;6.2;
2020-12-08;27.9;15.9;22.9;10.7;
2020-12-09;24.7;11.4;20.6;7.4;
2020-12-10;18.8;8.6;17.0;5.5;
2020-12-11;17.1;10.8;15.8;9.4;
2020-12-12;20.8;8.5;17.9;6.8;
2020-12-13;21.1;9.2;17.9;5.8;
2020-12-14;20.5;10.6;15.9;6.7;
2020-12-15;20.9;6.5;17.1;2.9;
2020-12-16;23.2;8.5;19.2;4.3;
2020-12-17;18.0;9.7;16.4;6.5;
2020-12-18;20.7;8.5;17.9;6.7;
2020-12-19;22.9;7.8;19.5;4.2;
2020-12-20;27.7;9.3;23.4;4.5;
2020-12-21;29.0;12.0;25.0;7.4;
2020-12-22;21.8;8.4;19.5;5.6;
2020-12-23;21.0;9.7;18.2;8.0;
2020-12-24;17.8;12.8;12.7;7.3;
2020-12-25;24.2;10.1;21.8;7.0;
2020-12-26;20.9;7.6;18.5;4.1;
2020-12-27;18.5;11.3;16.7;10.7;
2020-12-28;12.6;7.0;10.1;3.8;
2020-12-29;18.3;4.5;14.7;1.4;
2020-12-30;20.7;5.5;16.6;1.2;
2020-12-31;21.1;5.9;16.9;2.8;
2021-01-01;21.9;9.4;18.6;4.9;
2021-01-02;19.3;7.5;17.3;3.6;
2021-01-03;18.0;9.7;16.7;8.3;
2021-01-04;17.5;7.8;16.6;5.6;
2021-01-05;19.3;8.7;18.0;6.7;
2021-01-06;22.9;7.7;20.2;5.3;
2021-01-07;23.4;6.3;20.8;2.7;
2021-01-08;21.7;7.5;18.8;5.5;
2021-01-09;23.1;7.0;19.9;4.2;
2021-01-10;22.6;7.9;19.1;3.5;
2021-01-11;23.6;9.1;19.2;5.3;
2021-01-12;23.2;9.1;20.1;4.7;
2021-01-13;24.9;9.7;21.6;5.6;
2021-01-14;29.4;10.9;26.1;7.0;
2021-01-15;32.2;12.4;28.5;8.1;
2021-01-16;31.3;13.9;27.3;9.6;
2021-01-17;30.5;15.3;27.0;11.1;
2021-01-18;27.0;11.0;23.4;7.2;
2021-01-19;21.5;11.4;18.1;10.3;
2021-01-20;25.0;14.3;23.2;10.5;
2021-01-21;22.2;12.0;20.2;8.5;
2021-01-22;17.9;9.9;15.5;8.2;
2021-01-23;12.2;7.4;10.7;5.2;
2021-01-24;15.3;4.7;13.1;2.0;
2021-01-25;13.3;5.5;9.3;1.2;
2021-01-26;14.4;3.9;11.6;-0.1;
2021-01-27;15.3;7.9;11.8;4.0;
2021-01-28;17.5;6.4;13.9;3.4;
2021-01-29;11.4;7.6;10.0;5.8;
2021-01-30;17.2;4.9;15.6;1.8;
2021-01-31;22.0;7.4;19.8;4.2;
2021-02-01;22.7;13.0;19.9;11.0;
2021-02-02;22.2;11.5;21.5;10.2;
2021-02-03;20.3;8.8;18.3;6.7;
2021-02-04;19.4;10.0;18.2;8.3;
2021-02-05;22.1;7.2;19.8;3.7;
2021-02-06;24.5;7.8;22.5;4.5;
2021-02-07;22.1;8.2;20.7;6.1;
2021-02-08;19.4;9.7;17.9;8.7;
2021-02-09;16.2;11.3;14.6;10.1;
2021-02-10;17.2;11.0;15.4;9.8;
2021-02-11;20.6;8.0;20.7;5.8;
2021-02-12;22.9;11.0;19.0;9.0;
2021-02-13;17.9;10.4;16.9;9.1;
2021-02-14;21.0;13.3;16.7;7.5;
2021-02-15;19.1;9.5;18.1;6.8;
2021-02-16;22.0;10.9;17.5;10.2;
2021-02-17;22.4;8.2;19.0;5.7;
2021-02-18;20.7;8.7;17.1;4.4;
2021-02-19;22.2;7.2;19.7;3.3;
2021-02-20;20.0;7.5;15.0;4.6;
2021-02-21;24.0;9.1;20.7;4.6;
2021-02-22;28.0;9.5;25.4;5.3;
2021-02-23;26.5;10.0;24.7;6.5;
2021-02-24;24.6;8.9;23.3;6.3;
2021-02-25;23.2;9.3;20.7;7.6;
2021-02-26;24.0;7.6;21.6;3.3;
2021-02-27;24.8;8.5;19.9;6.3;
2021-02-28;23.4;8.9;19.9;6.4;
2021-03-01;25.3;8.8;21.9;4.1;
2021-03-02;25.0;7.4;21.3;2.6;
2021-03-03;13.5;6.8;11.9;2.2;
2021-03-04;20.2;6.3;19.5;3.4;
2021-03-05;26.4;8.2;24.5;4.9;
2021-03-06;21.4;8.1;21.2;5.4;
2021-03-07;18.0;10.4;16.8;8.5;
2021-03-08;18.6;10.2;17.0;8.6;
2021-03-09;17.1;6.6;15.3;4.0;
2021-03-10;13.3;8.5;11.0;6.6;
2021-03-11;13.8;6.3;11.2;4.0;
2021-03-12;15.1;5.0;14.3;1.9;
2021-03-13;17.9;6.1;18.4;3.3;
2021-03-14;18.6;11.3;18.9;9.8;
2021-03-15;13.8;7.2;10.7;4.2;
2021-03-16;17.0;4.6;15.4;1.0;
2021-03-17;20.6;5.4;19.6;2.3;
2021-03-18;20.5;8.7;21.3;6.5;
2021-03-19;23.2;8.2;23.2;5.9;
2021-03-20;21.3;11.8;20.8;8.2;
2021-03-21;20.4;8.3;19.0;6.1;
2021-03-22;21.5;8.0;21.3;5.7;
2021-03-23;22.1;10.6;19.0;9.4;
2021-03-24;23.7;12.0;21.9;7.9;
2021-03-25;16.6;10.2;14.1;7.5;
2021-03-26;19.7;9.0;19.7;6.3;
2021-03-27;25.8;7.6;23.7;5.0;
2021-03-28;31.2;10.9;30.1;7.4;
2021-03-29;27.0;11.8;26.6;9.2;
2021-03-30;26.1;11.9;25.9;11.1;
2021-03-31;32.9;11.6;29.3;8.8;
2021-04-01;32.0;15.5;30.0;12.3;
2021-04-02;24.9;12.8;26.2;10.7;
2021-04-03;23.5;11.7;24.1;10.9;
2021-04-04;26.0;9.6;27.2;7.3;
2021-04-05;22.3;11.9;22.8;10.1;
2021-04-06;23.4;12.2;24.1;11.3;
2021-04-07;26.2;11.6;26.6;10.7;
2021-04-08;24.6;12.0;24.8;10.9;
2021-04-09;25.2;11.0;26.5;8.9;
2021-04-10;25.5;11.8;27.6;10.4;
2021-04-11;24.6;13.0;26.2;12.8;
2021-04-12;20.4;14.0;19.1;13.3;
2021-04-13;17.8;13.8;16.3;12.5;
2021-04-14;18.2;10.6;17.3;9.2;
2021-04-15;20.8;8.3;21.2;5.9;
2021-04-16;22.7;10.5;23.8;9.0;
2021-04-17;23.9;12.4;24.5;12.2;
2021-04-18;32.1;12.3;30.0;8.9;
2021-04-19;30.5;13.4;30.0;11.2;
2021-04-20;23.5;12.2;23.8;11.3;
2021-04-21;18.1;13.5;16.0;12.3;
2021-04-22;18.1;13.6;17.0;12.7;
2021-04-23;19.6;13.7;19.1;12.9;
2021-04-24;19.1;12.7;19.0;11.7;
2021-04-25;20.7;11.7;19.3;10.8;
2021-04-26;18.3;12.1;17.0;10.4;
2021-04-27;20.2;12.3;20.1;10.4;
2021-04-28;28.0;10.3;27.1;8.4;
2021-04-29;32.5;13.4;32.2;11.0;
2021-04-30;34.2;15.9;34.4;12.9;
2021-05-01;25.6;13.9;27.0;14.0;
2021-05-02;22.1;15.1;23.5;14.6;
2021-05-03;23.9;14.9;25.2;14.9;
2021-05-04;28.0;13.5;29.9;13.7;
2021-05-05;28.2;14.5;30.4;14.5;
2021-05-06;23.9;14.0;25.8;13.7;
2021-05-07;22.8;14.3;25.3;14.1;
2021-05-08;23.3;14.8;24.4;14.8;
2021-05-09;22.6;15.2;22.8;15.1;
2021-05-10;20.7;14.9;21.1;15.1;
2021-05-11;23.4;15.6;25.2;15.8;
2021-05-12;22.4;14.9;24.0;15.1;
2021-05-13;20.9;14.6;21.2;14.9;
2021-05-14;24.4;14.7;25.9;14.1;
2021-05-15;22.1;15.4;24.1;14.4;
2021-05-16;18.1;14.1;17.5;14.0;
2021-05-17;20.8;15.0;19.8;14.7;
2021-05-18;23.3;14.6;24.5;14.8;
2021-05-19;25.0;15.0;26.7;14.9;
2021-05-20;22.1;14.1;23.5;12.7;
2021-05-21;24.3;11.7;20.3;10.3;
2021-05-22;21.2;11.3;21.6;9.8;
2021-05-23;22.6;10.9;23.1;9.1;
2021-05-24;31.1;11.8;30.9;9.6;
2021-05-25;30.1;14.6;32.0;14.9;
2021-05-26;26.0;15.7;27.6;16.4;
2021-05-27;23.9;14.4;25.9;14.7;
2021-05-28;23.8;13.2;25.8;13.3;
2021-05-29;22.1;14.0;21.8;13.4;
2021-05-30;22.7;15.1;25.0;15.5;
2021-05-31;24.7;15.9;26.6;16.1;
2021-06-01;25.5;15.9;28.3;16.4;
2021-06-02;25.0;15.1;27.6;15.8;
2021-06-03;26.8;15.8;29.7;16.2;
2021-06-04;28.1;14.6;30.2;14.6;
2021-06-05;26.6;15.1;28.8;15.2;
2021-06-06;24.5;16.4;26.0;15.9;
2021-06-07;20.6;15.6;20.6;15.3;
2021-06-08;24.2;15.4;25.4;14.3;
2021-06-09;24.6;14.2;25.9;13.3;
2021-06-10;24.8;12.9;24.8;11.3;
2021-06-11;27.7;13.0;29.0;12.1;
2021-06-12;29.7;14.1;32.1;13.4;
2021-06-13;30.5;14.7;32.6;15.0;
2021-06-14;32.2;15.1;34.2;14.6;
2021-06-15;34.6;18.0;37.1;18.2;
2021-06-16;31.1;19.4;34.4;19.8;
2021-06-17;31.1;17.6;35.9;18.6;
2021-06-18;29.2;18.1;30.5;19.2;
2021-06-19;28.1;16.9;30.5;18.2;
2021-06-20;26.9;16.4;30.0;17.3;
2021-06-21;28.3;16.1;30.9;16.9;
2021-06-22;26.6;15.4;28.8;15.8;
2021-06-23;29.6;15.6;31.3;15.9;
2021-06-24;24.9;15.1;27.3;14.8;
2021-06-25;27.3;13.8;29.3;13.6;
2021-06-26;29.7;15.1;32.6;15.0;
2021-06-27;29.5;17.1;33.6;17.5;
2021-06-28;28.8;17.1;32.4;18.3;
2021-06-29;28.0;18.6;32.6;20.1;
2021-06-30;29.5;17.9;33.3;18.8;
2021-07-01;31.2;18.4;35.2;19.9;
2021-07-02;29.1;16.5;32.8;18.1;
2021-07-03;30.3;16.3;33.8;16.9;
2021-07-04;27.6;17.0;31.0;18.1;
2021-07-05;28.9;15.3;31.4;15.7;
2021-07-06;29.2;16.1;32.8;16.9;
2021-07-07;28.7;17.1;31.9;18.2;
2021-07-08;30.4;19.0;33.9;20.1;
2021-07-09;31.3;20.1;36.4;21.8;
2021-07-10;31.2;19.1;35.0;21.3;
2021-07-11;30.9;19.3;33.9;20.8;
2021-07-12;29.7;19.1;34.4;20.4;
2021-07-13;30.5;19.8;33.5;21.5;
2021-07-14;31.0;18.6;34.6;20.5;
2021-07-15;31.2;18.7;34.4;20.4;
2021-07-16;30.2;18.6;33.1;20.1;
2021-07-17;30.8;18.0;33.7;19.8;
2021-07-18;31.4;18.2;33.6;19.8;
2021-07-19;32.5;19.5;35.3;21.7;
2021-07-20;31.3;18.0;34.8;19.6;
2021-07-21;33.9;18.6;37.0;20.1;
2021-07-22;32.2;19.2;36.6;20.1;
2021-07-23;31.1;19.2;35.8;20.6;
2021-07-24;29.3;18.5;33.4;20.1;
2021-07-25;29.1;18.8;33.2;20.4;
2021-07-26;24.0;18.9;26.6;20.1;
2021-07-27;27.8;17.6;31.3;19.3;
2021-07-28;29.9;17.5;32.0;19.4;
2021-07-29;29.9;16.5;33.2;17.7;
2021-07-30;30.8;15.9;33.6;17.1;
2021-07-31;27.8;16.3;31.0;17.3;
2021-08-01;32.8;15.5;35.4;16.1;
2021-08-02;35.1;17.5;37.6;16.7;
2021-08-03;33.4;16.4;36.5;16.8;
2021-08-04;32.4;16.9;34.7;18.5;
2021-08-05;32.0;17.4;34.8;18.5;
2021-08-06;29.2;18.7;32.7;20.0;
2021-08-07;29.8;18.3;32.9;19.9;
2021-08-08;29.8;17.9;33.0;19.4;
2021-08-09;31.8;17.6;34.8;18.5;
2021-08-10;30.7;16.8;33.9;17.8;
2021-08-11;33.2;18.8;34.2;20.4;
2021-08-12;34.7;20.1;36.7;20.4;
2021-08-13;32.8;19.2;35.1;19.9;
2021-08-14;31.6;19.4;34.5;20.5;
2021-08-15;32.5;17.9;34.9;19.3;
2021-08-16;32.5;19.1;36.2;19.6;
2021-08-17;31.7;20.3;35.3;22.8;
2021-08-18;25.5;20.1;26.1;22.1;
2021-08-19;28.1;18.7;29.3;20.4;
2021-08-20;27.2;17.9;30.1;19.1;
2021-08-21;25.5;17.7;26.0;18.7;
2021-08-22;25.9;16.2;27.4;16.7;
2021-08-23;26.7;15.8;29.5;15.4;
2021-08-24;28.2;15.8;31.2;15.4;
2021-08-25;30.5;16.1;33.1;17.0;
2021-08-26;36.3;16.9;38.1;17.3;
2021-08-27;33.9;15.6;35.9;15.0;
2021-08-28;32.0;14.9;34.8;15.4;
2021-08-29;29.4;16.1;31.8;17.4;
2021-08-30;27.7;17.0;31.5;18.2;
2021-08-31;24.1;17.9;25.4;18.9;
2021-09-01;25.6;18.8;28.7;19.6;
2021-09-02;26.4;17.3;29.0;18.2;
2021-09-03;27.7;15.7;30.3;16.5;
2021-09-04;34.0;14.9;34.6;15.0;
2021-09-05;37.6;15.9;38.1;14.7;
2021-09-06;32.7;18.8;36.3;20.2;
2021-09-07;32.0;19.2;36.0;20.5;
2021-09-08;31.4;18.1;34.9;19.7;
2021-09-09;34.9;17.4;37.5;19.1;
2021-09-10;30.8;18.8;33.7;19.9;
2021-09-11;33.5;18.9;35.0;19.6;
2021-09-12;32.3;16.0;33.9;16.8;
2021-09-13;30.0;14.1;31.7;14.7;
2021-09-14;29.6;12.6;31.4;13.0;
2021-09-15;26.9;15.5;28.6;16.0;
2021-09-16;24.8;14.0;27.3;14.1;
2021-09-17;27.1;13.6;28.5;13.8;
2021-09-18;25.0;14.0;26.7;13.6;
2021-09-19;26.3;13.5;27.8;13.5;
2021-09-20;30.6;14.5;31.9;14.2;
2021-09-21;37.3;16.6;38.2;17.5;
2021-09-22;33.7;17.7;35.4;18.0;
2021-09-23;29.1;16.0;31.2;16.5;
2021-09-24;25.9;14.0;27.8;13.6;
2021-09-25;25.4;15.8;27.1;16.4;
2021-09-26;22.3;17.0;23.5;17.8;
2021-09-27;20.6;16.7;21.5;17.7;
2021-09-28;23.0;16.2;23.0;16.5;
2021-09-29;24.5;14.5;25.5;14.2;
2021-09-30;32.1;13.9;32.4;12.3;
2021-10-01;34.0;15.2;32.2;11.6;
2021-10-02;35.1;14.2;32.7;11.7;
2021-10-03;35.7;16.4;33.3;13.1;
2021-10-04;32.8;17.7;31.0;15.4;
2021-10-05;27.6;18.3;29.2;17.4;
2021-10-06;24.8;16.1;26.1;17.3;
2021-10-07;21.1;17.3;22.1;18.4;
2021-10-08;21.2;15.0;21.4;14.4;
2021-10-09;22.9;12.5;22.8;11.6;
2021-10-10;28.0;10.9;27.3;9.0;
2021-10-11;22.4;11.6;22.4;10.2;
2021-10-12;22.0;11.8;17.7;8.1;
2021-10-13;24.8;8.8;21.8;4.4;
2021-10-14;26.4;9.6;24.2;6.8;
2021-10-15;33.0;12.7;30.6;8.9;
2021-10-16;32.5;15.0;29.7;11.3;
2021-10-17;25.6;11.8;25.4;9.3;
2021-10-18;20.2;12.4;17.9;11.0;
2021-10-19;22.1;10.2;21.4;8.6;
2021-10-20;23.9;9.4;22.6;7.3;
2021-10-21;26.0;10.4;25.5;8.4;
2021-10-22;21.4;13.1;21.5;13.0;
2021-10-23;20.5;15.6;20.4;16.2;
2021-10-24;22.6;14.7;22.9;15.2;
2021-10-25;15.6;12.2;15.9;11.0;
2021-10-26;21.3;10.3;21.8;9.0;
2021-10-27;29.4;11.3;27.6;9.1;
2021-10-28;34.0;16.5;31.9;13.2;
2021-10-29;31.3;16.3;30.2;14.3;
2021-10-30;23.4;13.4;23.3;13.2;
2021-10-31;21.0;13.9;21.1;14.0;
2021-11-01;20.2;12.4;20.8;11.7;
2021-11-02;21.5;11.9;22.2;10.8;
2021-11-03;25.7;11.4;25.6;10.7;
2021-11-04;24.3;13.3;25.4;13.5;
2021-11-05;24.4;12.0;25.1;11.8;
2021-11-06;21.0;13.4;21.3;13.6;
2021-11-07;20.6;11.7;20.2;11.3;
2021-11-08;21.5;10.9;20.6;9.7;
2021-11-09;21.1;12.5;20.4;12.1;
2021-11-10;25.0;14.3;24.5;14.0;
2021-11-11;31.7;15.4;29.8;12.6;
2021-11-12;33.9;17.3;31.3;14.6;
2021-11-13;33.6;16.7;31.6;13.5;
2021-11-14;33.1;14.4;30.1;11.4;
2021-11-15;29.7;14.1;26.8;11.2;
2021-11-16;21.1;12.7;21.1;12.8;
2021-11-17;20.8;11.8;20.7;11.2;
2021-11-18;21.1;10.1;20.8;9.2;
2021-11-19;19.8;11.6;19.7;11.4;
2021-11-20;20.2;12.1;19.5;11.3;
2021-11-21;30.3;10.6;26.6;8.7;
2021-11-22;29.4;13.3;26.0;8.2;
2021-11-23;24.4;13.2;22.2;9.7;
2021-11-24;23.3;10.3;21.3;8.5;
2021-11-25;26.4;11.4;21.0;6.5;
2021-11-26;25.4;9.8;21.5;4.9;
2021-11-27;27.2;9.8;22.5;5.3;
2021-11-28;27.8;9.2;25.0;5.5;
2021-11-29;27.2;11.1;23.9;7.2;
2021-11-30;22.8;8.2;21.9;5.5;
2021-12-01;26.0;9.3;24.8;5.6;
2021-12-02;17.3;9.9;17.1;8.9;
2021-12-03;18.1;11.6;17.4;10.7;
2021-12-04;17.8;11.5;17.1;11.0;
2021-12-05;18.0;10.1;17.9;8.9;
2021-12-06;20.3;7.7;19.7;5.3;
2021-12-07;18.0;12.6;17.8;11.9;
2021-12-08;19.8;9.6;19.1;8.0;
2021-12-09;14.5;10.0;14.9;6.6;
2021-12-10;16.7;7.2;15.3;4.3;
2021-12-11;19.9;6.7;16.4;2.7;
2021-12-12;18.9;5.1;15.9;1.4;
2021-12-13;14.7;7.7;12.6;5.7;
2021-12-14;13.9;6.5;13.2;4.5;
2021-12-15;13.8;3.1;11.9;0.3;
2021-12-16;13.9;3.7;12.8;0.4;
2021-12-17;19.0;7.0;16.2;4.3;
2021-12-18;21.3;6.7;18.6;2.7;
2021-12-19;19.6;5.7;17.4;1.7;
2021-12-20;19.0;4.1;16.8;0.5;
2021-12-21;20.4;9.5;17.8;7.4;
2021-12-22;19.0;8.7;16.8;4.6;
2021-12-23;13.9;11.3;13.3;9.0;
2021-12-24;15.3;11.4;13.6;9.8;
2021-12-25;12.6;9.1;11.3;6.6;
2021-12-26;14.5;7.3;12.1;4.3;
2021-12-27;12.2;5.6;10.2;3.0;
2021-12-28;12.2;6.0;9.7;3.6;
2021-12-29;11.1;6.7;9.3;3.3;
2021-12-30;12.3;10.5;10.9;6.9;
2021-12-31;15.0;8.6;14.2;5.4;
2022-01-01;15.9;8.7;13.7;5.5;
2022-01-02;18.3;5.0;15.3;1.1;
2022-01-03;17.8;4.2;15.4;0.2;
2022-01-04;17.6;5.2;16.7;1.5;
2022-01-05;21.8;6.8;20.0;4.2;
2022-01-06;24.0;8.8;21.9;5.6;
2022-01-07;14.7;8.1;13.6;6.4;
2022-01-08;17.8;8.9;17.0;6.7;
2022-01-09;24.5;6.5;21.4;3.4;
2022-01-10;23.3;10.6;20.4;6.1;
2022-01-11;26.1;9.6;21.7;4.2;
2022-01-12;26.2;11.2;23.2;6.7;
2022-01-13;20.9;14.4;18.3;10.3;
2022-01-14;25.1;11.2;22.2;8.8;
2022-01-15;21.2;13.2;18.8;10.1;
2022-01-16;24.2;14.4;21.9;10.6;
2022-01-17;18.2;13.5;18.0;12.5;
2022-01-18;18.5;12.8;17.8;12.5;
2022-01-19;18.1;10.4;17.5;9.6;
2022-01-20;24.4;9.7;20.8;7.3;
2022-01-21;22.2;8.0;21.5;4.5;
2022-01-22;22.8;13.1;19.8;8.4;
2022-01-23;24.2;11.6;20.8;7.1;
2022-01-24;23.1;8.4;19.9;4.7;
2022-01-25;20.3;7.2;18.7;5.5;
2022-01-26;22.2;7.0;18.9;4.2;
2022-01-27;22.7;7.8;18.9;3.9;
2022-01-28;23.1;9.9;19.1;5.6;
2022-01-29;20.4;10.6;17.0;6.2;
2022-01-30;22.4;5.9;19.1;1.9;
2022-01-31;17.4;6.1;15.5;2.5;
2022-02-01;17.9;10.7;17.3;9.2;
2022-02-02;20.0;6.6;16.1;3.6;
2022-02-03;19.9;4.7;16.2;0.1;
2022-02-04;21.4;7.2;18.3;3.1;
2022-02-05;22.2;6.0;17.5;1.6;
2022-02-06;25.7;6.7;22.6;2.6;
2022-02-07;26.1;10.8;23.5;6.4;
2022-02-08;27.5;10.3;24.7;5.9;
2022-02-09;30.9;14.3;26.6;9.7;
2022-02-10;30.8;15.0;28.8;12.5;
2022-02-11;29.0;12.8;26.3;8.8;
2022-02-12;32.2;13.1;29.5;8.6;
2022-02-13;31.2;13.1;28.2;9.0;
2022-02-14;27.0;10.5;24.9;6.3;
2022-02-15;15.7;8.3;13.7;5.9;
2022-02-16;19.5;5.6;17.8;2.8;
2022-02-17;22.7;9.5;19.6;7.1;
2022-02-18;23.7;7.8;20.5;3.7;
2022-02-19;25.4;8.6;23.2;4.6;
2022-02-20;19.7;8.0;19.9;5.8;
2022-02-21;15.7;10.6;13.9;8.8;
2022-02-22;15.1;8.8;12.1;5.3;
2022-02-23;13.8;5.1;8.9;1.6;
2022-02-24;17.0;3.2;14.2;-0.7;
2022-02-25;18.8;4.3;16.4;0.4;
2022-02-26;21.7;6.0;19.3;2.3;
2022-02-27;25.1;7.4;21.8;2.7;
2022-02-28;30.5;10.1;28.8;5.8;
2022-03-01;29.5;11.3;26.7;7.4;
2022-03-02;29.1;11.4;26.9;7.8;
2022-03-03;21.1;10.1;19.9;7.4;
2022-03-04;17.9;11.5;15.7;9.8;
2022-03-05;14.8;8.0;12.2;5.1;
2022-03-06;18.4;4.4;17.5;1.6;
2022-03-07;22.8;5.1;20.8;1.8;
2022-03-08;22.0;7.0;18.9;3.2;
2022-03-09;21.7;8.4;20.4;4.8;
2022-03-10;19.7;11.1;19.4;9.2;
2022-03-11;23.3;8.9;20.5;5.9;
2022-03-12;26.1;9.2;23.1;4.8;
2022-03-13;21.7;8.8;21.8;6.1;
2022-03-14;24.8;11.1;24.9;9.6;
2022-03-15;25.4;10.6;24.9;8.8;
2022-03-16;28.4;11.3;25.6;10.1;
2022-03-17;27.4;11.5;25.5;8.8;
2022-03-18;26.9;10.3;26.9;7.5;
2022-03-19;21.2;11.5;21.4;9.8;
2022-03-20;24.4;11.1;20.5;8.2;
2022-03-21;25.2;11.6;25.8;10.3;
2022-03-22;30.8;11.9;30.4;9.8;
2022-03-23;30.7;14.3;29.7;11.8;
2022-03-24;29.6;13.7;29.7;10.4;
2022-03-25;28.5;10.8;29.3;9.9;
2022-03-26;25.5;11.2;26.6;11.0;
2022-03-27;22.1;12.9;21.4;11.7;
2022-03-28;16.5;12.1;15.9;10.2;
2022-03-29;19.4;10.4;18.7;9.4;
2022-03-30;21.2;12.5;21.7;11.9;
2022-03-31;18.9;13.2;20.3;13.0;
2022-04-01;21.4;11.4;21.7;11.1;
2022-04-02;18.5;11.6;19.3;11.0;
2022-04-03;19.7;13.5;18.4;12.8;
2022-04-04;22.0;12.8;22.9;12.4;
2022-04-05;27.3;12.0;28.8;10.8;
2022-04-06;34.3;13.2;35.4;12.3;
2022-04-07;37.8;15.4;36.6;13.8;
2022-04-08;37.3;18.2;35.5;14.4;
2022-04-09;29.8;16.4;30.6;14.0;
2022-04-10;22.2;15.9;23.1;15.8;
2022-04-11;20.2;13.6;18.1;13.3;
2022-04-12;21.1;11.4;16.3;4.8;
2022-04-13;21.8;9.5;19.9;5.7;
2022-04-14;22.1;9.0;22.2;6.7;
2022-04-15;22.3;10.5;23.5;8.7;
2022-04-16;20.5;12.4;20.4;11.8;
2022-04-17;21.7;12.2;23.5;12.2;
2022-04-18;25.4;11.5;27.0;10.8;
2022-04-19;22.4;13.5;23.7;12.4;
2022-04-20;21.3;11.5;21.9;10.3;
2022-04-21;20.7;9.8;20.8;8.0;
2022-04-22;19.3;11.9;17.0;11.1;
2022-04-23;23.9;10.4;24.9;8.9;
2022-04-24;31.0;13.3;30.5;10.5;
2022-04-25;33.3;15.2;33.2;11.5;
2022-04-26;28.5;13.7;28.1;11.6;
2022-04-27;24.0;13.5;25.6;12.8;
2022-04-28;20.4;12.1;20.2;10.9;
2022-04-29;23.4;11.0;24.9;9.2;
2022-04-30;25.8;11.4;27.1;10.1;
2022-05-01;23.9;12.4;25.9;11.7;
2022-05-02;22.6;14.1;24.1;14.0;
2022-05-03;22.7;13.5;24.6;12.5;
2022-05-04;26.4;12.4;28.1;11.7;
2022-05-05;26.7;12.7;29.4;12.1;
2022-05-06;26.5;11.9;28.6;11.3;
2022-05-07;25.4;14.6;27.5;14.1;
2022-05-08;20.7;12.7;20.1;10.7;
2022-05-09;20.8;11.0;20.9;9.0;
2022-05-10;21.8;9.5;20.4;7.3;
2022-05-11;22.8;8.6;18.8;6.3;
2022-05-12;27.8;10.4;25.6;6.9;
2022-05-13;33.7;13.8;33.7;10.6;
2022-05-14;33.2;15.1;33.8;13.5;
2022-05-15;29.5;15.3;30.5;14.2;
2022-05-16;23.6;14.1;25.4;13.9;
2022-05-17;22.6;12.7;24.8;12.1;
2022-05-18;23.3;13.4;25.3;13.5;
2022-05-19;20.4;15.2;21.1;15.2;
2022-05-20;19.3;14.0;18.7;13.5;
2022-05-21;22.2;15.5;24.3;15.0;
2022-05-22;22.1;12.5;23.3;11.6;
2022-05-23;22.0;12.2;22.5;11.8;
2022-05-24;24.8;15.5;27.1;15.7;
2022-05-25;25.8;14.5;28.8;14.9;
2022-05-26;25.9;15.1;28.0;15.2;
2022-05-27;24.1;15.1;26.0;15.0;
2022-05-28;21.1;13.8;21.1;13.4;
2022-05-29;23.6;14.5;25.3;13.8;
2022-05-30;25.0;14.6;25.9;14.1;
2022-05-31;26.1;12.6;28.3;11.7;
2022-06-01;30.0;14.2;32.8;12.8;
2022-06-02;27.7;15.1;31.5;15.3;
2022-06-03;24.5;16.2;27.3;16.5;
2022-06-04;22.5;16.1;23.2;16.4;
2022-06-05;26.5;15.4;28.9;15.7;
2022-06-06;27.7;16.5;30.9;17.2;
2022-06-07;27.0;17.3;30.8;18.4;
2022-06-08;27.8;17.5;30.6;18.6;
2022-06-09;29.5;17.3;33.0;18.4;
2022-06-10;30.5;16.3;34.0;17.3;
2022-06-11;28.3;16.4;31.4;17.7;
2022-06-12;28.7;16.3;32.5;17.7;
2022-06-13;26.2;17.5;29.6;18.1;
2022-06-14;27.9;16.9;30.7;17.0;
2022-06-15;29.9;16.4;33.5;17.4;
2022-06-16;28.7;17.0;32.4;18.1;
2022-06-17;25.5;16.1;27.4;15.8;
2022-06-18;25.1;13.6;26.7;12.8;
2022-06-19;25.6;13.7;27.4;13.0;
2022-06-20;34.4;15.4;34.9;13.6;
2022-06-21;31.9;15.9;33.8;16.0;
2022-06-22;30.1;16.9;30.0;18.2;
2022-06-23;30.9;17.3;32.5;18.7;
2022-06-24;31.8;15.0;34.2;15.6;
2022-06-25;31.2;14.8;33.8;15.3;
2022-06-26;30.8;16.4;34.2;17.7;
2022-06-27;33.3;15.8;36.7;16.0;
2022-06-28;34.2;16.9;36.4;18.4;
2022-06-29;32.4;17.0;34.6;18.1;
2022-06-30;30.3;17.8;34.2;19.0;
2022-07-01;30.4;17.7;33.6;19.0;
2022-07-02;27.8;16.5;31.6;17.4;
2022-07-03;26.5;15.4;29.2;15.6;
2022-07-04;26.8;15.6;29.5;15.7;
2022-07-05;27.8;16.2;31.0;16.5;
2022-07-06;27.8;17.6;31.6;18.8;
2022-07-07;30.3;14.9;32.7;14.8;
2022-07-08;29.5;16.0;33.4;16.8;
2022-07-09;27.9;16.5;31.1;17.6;
2022-07-10;30.5;15.8;34.4;16.6;
2022-07-11;28.6;16.0;32.2;16.8;
2022-07-12;26.9;15.7;30.8;16.2;
2022-07-13;26.0;15.6;28.5;16.4;
2022-07-14;27.7;15.9;30.5;16.4;
2022-07-15;28.5;17.6;32.8;19.0;
2022-07-16;28.7;16.9;32.8;18.5;
2022-07-17;33.2;17.6;38.5;18.3;
2022-07-18;31.0;20.1;34.0;21.3;
2022-07-19;31.5;17.9;33.4;18.4;
2022-07-20;32.8;18.2;33.6;19.9;
2022-07-21;31.4;18.7;35.4;18.4;
2022-07-22;30.1;16.9;33.6;18.2;
2022-07-23;29.6;18.7;33.7;20.2;
2022-07-24;29.2;18.2;33.5;19.4;
2022-07-25;28.9;17.6;33.1;18.8;
2022-07-26;28.5;17.5;31.8;18.2;
2022-07-27;29.5;16.7;33.1;17.6;
2022-07-28;31.4;17.4;33.6;18.3;
2022-07-29;30.7;17.9;33.7;18.9;
2022-07-30;29.9;19.5;33.6;21.0;
2022-07-31;32.5;20.6;35.0;22.0;
2022-08-01;30.9;20.1;33.6;22.4;
2022-08-02;29.1;18.4;32.4;20.3;
2022-08-03;30.9;18.3;34.5;20.1;
2022-08-04;29.2;18.8;33.5;20.7;
2022-08-05;31.4;18.3;33.1;19.3;
2022-08-06;31.5;17.2;34.4;17.8;
2022-08-07;35.5;17.3;36.7;16.7;
2022-08-08;33.0;19.0;36.6;20.5;
2022-08-09;36.3;21.5;37.4;22.4;
2022-08-10;35.3;20.3;37.4;21.7;
2022-08-11;33.7;19.5;35.3;20.1;
2022-08-12;33.8;18.1;35.8;18.8;
2022-08-13;34.1;19.4;37.7;19.4;
2022-08-14;33.3;19.1;36.9;19.3;
2022-08-15;32.6;19.4;36.2;19.6;
2022-08-16;31.8;17.9;34.8;18.4;
2022-08-17;31.7;18.3;34.9;19.0;
2022-08-18;29.5;16.7;32.3;17.3;
2022-08-19;29.9;16.1;33.1;16.4;
2022-08-20;29.9;19.3;33.1;20.5;
2022-08-21;28.1;19.7;31.8;21.5;
2022-08-22;27.9;17.5;32.0;19.0;
2022-08-23;31.0;16.8;35.0;17.5;
2022-08-24;32.2;19.0;36.4;21.0;
2022-08-25;32.4;20.0;36.6;22.5;
2022-08-26;31.0;18.7;35.2;20.8;
2022-08-27;29.7;18.0;33.1;19.2;
2022-08-28;29.1;18.8;32.7;20.7;
2022-08-29;29.1;17.6;32.3;19.0;
2022-08-30;31.2;17.2;33.6;18.3;
2022-08-31;36.1;18.0;36.9;17.0;
2022-09-01;38.2;22.7;40.3;23.4;
2022-09-02;35.8;22.7;40.4;24.0;
2022-09-03;38.4;23.8;41.3;25.1;
2022-09-04;42.5;26.1;45.7;25.5;
2022-09-05;39.6;24.1;44.5;27.6;
2022-09-06;37.1;23.2;42.3;25.9;
2022-09-07;38.7;22.1;43.8;25.8;
2022-09-08;36.9;22.3;39.6;25.1;
2022-09-09;36.7;22.0;38.3;25.3;
2022-09-10;28.2;21.7;33.5;24.9;
2022-09-11;32.1;23.6;37.0;26.2;
2022-09-12;30.0;21.8;33.9;23.7;
2022-09-13;30.1;20.3;33.3;22.9;
2022-09-14;29.1;19.0;31.9;19.8;
2022-09-15;27.5;18.3;30.8;19.3;
2022-09-16;28.1;17.3;31.6;17.7;
2022-09-17;26.3;17.4;29.8;18.1;
2022-09-18;26.7;18.0;28.6;19.0;
2022-09-19;27.0;15.7;29.1;15.6;
2022-09-20;28.2;17.1;30.8;17.7;
2022-09-21;27.9;14.7;28.6;13.7;
2022-09-22;31.2;15.4;32.9;13.2;
2022-09-23;32.4;16.2;33.6;15.6;
2022-09-24;32.2;18.8;32.8;20.1;
2022-09-25;32.9;18.1;33.8;18.6;
2022-09-26;33.1;18.0;35.4;18.4;
2022-09-27;35.8;18.1;37.3;17.8;
2022-09-28;33.3;17.7;36.3;18.4;
2022-09-29;28.8;18.1;33.1;20.2;
2022-09-30;27.6;18.2;30.3;19.8;
2022-10-01;25.8;18.8;28.4;19.1;
2022-10-02;27.7;18.0;29.1;19.2;
2022-10-03;27.1;15.9;29.4;16.1;
2022-10-04;29.6;16.0;31.8;16.2;
2022-10-05;28.1;17.7;31.1;19.3;
2022-10-06;27.3;19.4;30.3;21.6;
2022-10-07;29.3;18.2;31.9;20.0;
2022-10-08;29.0;16.7;32.0;18.1;
2022-10-09;27.0;18.0;29.7;19.3;
2022-10-10;26.9;16.2;28.3;17.2;
2022-10-11;25.4;18.4;28.3;19.2;
2022-10-12;27.1;17.7;29.3;19.2;
2022-10-13;24.3;18.2;25.8;20.1;
2022-10-14;20.9;17.9;22.2;19.6;
2022-10-15;21.4;17.3;21.7;18.0;
2022-10-16;23.1;16.6;23.9;16.8;
2022-10-17;27.7;13.9;29.6;13.1;
2022-10-18;32.8;15.9;33.9;15.6;
2022-10-19;35.4;18.1;34.0;16.1;
2022-10-20;32.7;19.0;32.8;18.6;
2022-10-21;27.6;17.8;28.9;18.7;
2022-10-22;21.2;16.9;21.0;16.8;
2022-10-23;22.9;13.8;22.5;12.7;
2022-10-24;25.0;11.0;21.7;8.8;
2022-10-25;25.6;11.6;23.5;8.2;
2022-10-26;23.9;12.4;23.7;10.8;
2022-10-27;26.1;13.3;24.8;12.4;
2022-10-28;25.5;11.9;24.8;9.9;
2022-10-29;26.5;10.9;24.9;8.8;
2022-10-30;28.3;12.2;27.2;9.5;
2022-10-31;26.3;11.3;25.6;8.1;
2022-11-01;23.1;15.4;23.1;15.2;
2022-11-02;20.8;13.3;18.4;10.6;
2022-11-03;18.8;9.3;13.6;6.2;
2022-11-04;21.5;7.7;18.9;3.9;
2022-11-05;22.3;7.9;20.2;4.7;
2022-11-06;22.0;10.1;21.6;7.6;
2022-11-07;17.0;13.1;17.5;12.8;
2022-11-08;18.6;11.2;17.9;9.9;
2022-11-09;17.6;9.6;15.4;7.2;
2022-11-10;20.9;7.0;18.6;4.2;
2022-11-11;22.3;8.1;20.1;4.6;
2022-11-12;21.9;8.9;19.2;5.0;
2022-11-13;22.5;8.1;18.8;4.9;
2022-11-14;22.4;7.6;19.6;4.2;
2022-11-15;23.2;8.7;20.3;5.4;
2022-11-16;24.2;9.8;19.4;5.9;
2022-11-17;25.0;8.9;22.1;4.5;
2022-11-18;21.9;8.0;19.6;4.0;
2022-11-19;24.6;9.3;21.0;5.8;
2022-11-20;26.0;9.8;22.2;5.2;
2022-11-21;25.1;9.6;21.9;5.4;
2022-11-22;24.4;10.4;20.4;5.9;
2022-11-23;23.1;8.0;20.1;4.1;
2022-11-24;26.4;9.0;21.5;5.7;
2022-11-25;24.7;9.1;20.2;5.0;
2022-11-26;22.8;8.8;19.8;5.0;
2022-11-27;23.5;7.5;20.7;4.9;
2022-11-28;17.5;12.6;17.5;11.9;
2022-11-29;18.9;11.1;17.9;9.7;
2022-11-30;17.6;9.4;16.1;7.7;
2022-12-01;15.7;12.0;14.3;9.9;
2022-12-02;15.6;11.1;15.3;9.2;
2022-12-03;22.2;11.4;21.4;9.9;
2022-12-04;17.7;10.6;18.1;9.2;
2022-12-05;17.2;10.7;16.1;9.0;
2022-12-06;16.5;10.1;15.7;7.8;
2022-12-07;16.5;6.6;15.0;3.7;
2022-12-08;17.6;5.8;16.0;2.6;
2022-12-09;17.5;5.2;15.8;2.1;
2022-12-10;17.8;7.1;16.4;4.7;
2022-12-11;14.2;8.4;12.7;6.3;
2022-12-12;11.9;7.1;10.3;3.7;
2022-12-13;15.6;5.9;12.7;2.8;
2022-12-14;17.0;5.0;14.6;1.5;
2022-12-15;17.1;6.8;15.1;3.6;
2022-12-16;20.1;8.2;17.6;4.7;
2022-12-17;18.5;7.1;15.5;2.8;
2022-12-18;19.0;5.4;15.8;1.1;
2022-12-19;19.3;4.1;16.9;0.4;
2022-12-20;19.9;7.3;16.8;3.4;
2022-12-21;23.4;8.0;20.2;4.2;
2022-12-22;21.3;9.3;19.1;5.8;
2022-12-23;20.6;8.1;19.9;5.3;
2022-12-24;26.4;8.0;23.2;4.9;
2022-12-25;29.0;13.3;26.5;9.5;
2022-12-26;27.2;13.5;25.3;10.0;
2022-12-27;18.3;12.1;17.0;10.8;
2022-12-28;17.6;11.4;17.1;10.2;
2022-12-29;15.5;12.5;15.1;11.7;
2022-12-30;15.6;12.9;15.7;12.7;
2022-12-31;15.1;13.1;15.3;12.4;
2023-01-01;15.5;9.7;12.9;5.4;
2023-01-02;13.4;6.5;12.1;3.2;
2023-01-03;13.9;9.8;12.8;6.7;
2023-01-04;15.7;13.5;15.4;12.7;
2023-01-05;16.7;10.9;15.1;9.7;
2023-01-06;17.0;6.7;15.6;4.5;
2023-01-07;19.4;8.6;17.0;5.7;
2023-01-08;18.0;8.6;16.4;6.6;
2023-01-09;14.3;11.2;14.2;8.7;
2023-01-10;15.9;10.8;16.0;9.5;
2023-01-11;15.9;7.9;15.0;6.0;
2023-01-12;21.4;10.5;19.6;7.4;
2023-01-13;18.6;10.2;17.3;7.3;
2023-01-14;13.2;10.3;13.7;8.2;
2023-01-15;14.9;10.5;14.3;8.5;
2023-01-16;14.5;9.2;12.6;5.8;
2023-01-17;15.8;5.8;12.3;2.5;
2023-01-18;16.6;5.9;14.2;2.7;
2023-01-19;15.8;5.2;13.9;2.0;
2023-01-20;16.7;5.6;14.1;2.6;
2023-01-21;18.6;4.7;15.1;1.4;
2023-01-22;17.3;4.8;15.9;0.9;
2023-01-23;19.1;7.6;15.8;2.4;
2023-01-24;20.3;4.7;18.0;1.0;
2023-01-25;23.0;6.4;19.4;2.6;
2023-01-26;22.5;9.3;19.7;5.4;
2023-01-27;21.6;6.3;19.0;2.6;
2023-01-28;18.3;7.1;17.1;3.9;
2023-01-29;14.5;9.2;12.1;7.6;
2023-01-30;14.3;8.2;12.9;5.7;
2023-01-31;19.0;6.9;15.6;3.1;
2023-02-01;21.4;6.2;17.8;2.0;
2023-02-02;21.2;5.2;18.4;1.1;
2023-02-03;22.4;9.6;20.0;5.4;
2023-02-04;22.8;8.5;20.6;4.7;
2023-02-05;18.6;10.5;18.1;8.7;
2023-02-06;22.1;8.9;17.6;4.6;
2023-02-07;21.6;7.4;18.4;3.5;
2023-02-08;24.4;8.1;21.0;4.5;
2023-02-09;27.0;10.2;24.7;6.5;
2023-02-10;25.4;12.1;22.0;7.2;
2023-02-11;15.5;8.5;13.8;6.4;
2023-02-12;15.8;5.9;13.7;3.1;
2023-02-13;16.9;7.9;16.0;5.7;
2023-02-14;14.9;8.0;12.9;3.9;
2023-02-15;18.2;6.5;14.8;1.4;
2023-02-16;17.6;4.6;13.8;0.9;
2023-02-17;20.0;7.3;16.0;2.7;
2023-02-18;20.7;6.9;17.2;2.6;
2023-02-19;20.9;7.2;20.0;3.0;
2023-02-20;23.5;8.1;22.2;4.6;
2023-02-21;19.2;8.8;18.8;5.4;
2023-02-22;13.5;6.3;8.5;2.7;
2023-02-23;10.5;6.5;8.5;3.5;
2023-02-24;12.2;6.7;8.7;2.4;
2023-02-25;11.2;5.6;8.1;2.7;
2023-02-26;11.9;4.0;9.8;1.2;
2023-02-27;10.2;6.8;9.4;4.4;
2023-02-28;13.4;7.6;10.4;5.7;
2023-03-01;11.4;6.2;9.3;0.8;
2023-03-02;17.4;3.9;16.4;0.6;
2023-03-03;17.6;5.9;18.3;2.7;
2023-03-04;14.5;6.9;12.4;4.3;
2023-03-05;14.1;8.4;12.6;6.4;
2023-03-06;15.7;8.3;13.1;6.9;
2023-03-07;17.3;6.4;17.5;3.8;
2023-03-08;17.2;6.6;17.8;3.8;
2023-03-09;20.8;7.6;20.9;4.8;
2023-03-10;13.8;10.7;12.6;8.3;
2023-03-11;16.9;13.9;17.5;13.0;
2023-03-12;18.4;13.0;18.1;12.9;
2023-03-13;19.9;12.6;21.3;12.3;
2023-03-14;14.8;12.8;14.7;11.1;
2023-03-15;15.4;11.9;16.0;11.3;
2023-03-16;16.1;10.4;15.3;9.2;
2023-03-17;21.6;7.3;22.7;5.3;
2023-03-18;25.2;9.4;23.8;6.6;
2023-03-19;19.4;11.9;17.7;9.5;
2023-03-20;15.9;11.7;14.8;10.2;
2023-03-21;14.9;8.8;11.9;4.3;
2023-03-22;13.2;8.7;12.4;6.9;
2023-03-23;15.6;8.8;14.2;7.0;
2023-03-24;20.1;9.4;16.4;4.6;
2023-03-25;19.1;7.7;19.3;4.9;
2023-03-26;20.0;8.2;16.8;2.9;
2023-03-27;23.2;7.5;21.0;4.1;
2023-03-28;23.1;10.4;21.2;6.4;
2023-03-29;15.1;8.1;13.3;4.8;
2023-03-30;14.4;7.4;12.3;4.9;
2023-03-31;18.7;6.3;18.9;3.5;
2023-04-01;22.3;8.5;21.7;6.3;
2023-04-02;20.5;8.8;21.3;7.1;
2023-04-03;17.4;10.1;13.8;5.4;
2023-04-04;18.3;8.5;14.2;3.0;
2023-04-05;21.0;7.1;21.0;4.3;
2023-04-06;23.5;9.4;21.4;6.0;
2023-04-07;23.1;10.5;23.1;7.5;
2023-04-08;21.4;10.0;23.4;8.6;
2023-04-09;25.6;11.7;27.7;11.4;
2023-04-10;25.5;11.0;27.4;10.4;
2023-04-11;21.6;12.4;23.3;12.6;
2023-04-12;16.3;12.9;16.4;12.3;
2023-04-13;14.4;12.0;13.6;11.2;
2023-04-14;17.4;11.5;16.0;10.1;
2023-04-15;23.3;8.8;25.3;6.8;
2023-04-16;20.1;9.4;21.2;8.4;
2023-04-17;18.6;11.7;17.7;11.2;
2023-04-18;19.5;11.8;19.5;10.5;
2023-04-19;21.7;9.0;22.0;6.8;
2023-04-20;27.6;11.0;27.7;8.5;
2023-04-21;32.4;14.2;32.4;11.2;
2023-04-22;30.5;15.2;32.0;13.1;
2023-04-23;24.9;13.9;26.9;13.6;
2023-04-24;23.0;14.3;23.4;14.1;
2023-04-25;22.2;14.4;24.4;14.2;
2023-04-26;25.8;12.5;27.9;12.2;
2023-04-27;24.0;11.9;25.4;12.1;
2023-04-28;23.5;12.8;24.9;12.9;
2023-04-29;24.4;12.9;27.4;13.0;
2023-04-30;20.8;12.8;20.6;13.0;
2023-05-01;17.9;13.2;16.5;12.1;
2023-05-02;18.0;11.4;16.5;10.0;
2023-05-03;18.6;9.1;18.1;6.9;
2023-05-04;16.8;11.0;15.7;8.4;
2023-05-05;19.5;12.2;19.6;11.1;
2023-05-06;21.0;9.9;21.1;8.2;
2023-05-07;21.7;10.8;22.8;9.1;
2023-05-08;22.9;12.0;24.6;11.3;
2023-05-09;19.5;11.8;19.1;10.9;
2023-05-10;20.1;12.0;19.4;10.7;
2023-05-11;22.1;12.1;22.8;11.4;
2023-05-12;23.3;11.1;26.6;9.9;
2023-05-13;25.2;13.6;28.1;13.6;
2023-05-14;25.9;15.0;30.5;15.2;
2023-05-15;22.5;15.2;23.1;15.7;
2023-05-16;23.2;13.9;25.0;13.5;
2023-05-17;23.6;13.3;25.5;13.3;
2023-05-18;23.3;14.6;24.6;15.0;
2023-05-19;19.9;15.1;20.8;15.4;
2023-05-20;24.0;16.0;27.4;16.5;
2023-05-21;24.8;15.7;27.3;16.1;
2023-05-22;21.3;15.4;22.2;15.9;
2023-05-23;17.8;15.3;18.4;15.3;
2023-05-24;20.1;14.1;20.3;14.4;
2023-05-25;19.3;15.2;19.7;14.5;
2023-05-26;20.8;13.7;19.1;12.9;
2023-05-27;21.0;13.2;20.7;12.2;
2023-05-28;20.0;13.5;20.1;13.0;
2023-05-29;21.6;15.9;20.7;16.0;
2023-05-30;20.5;15.2;18.7;14.4;
2023-05-31;19.4;15.4;18.6;15.0;
2023-06-01;18.9;15.0;19.6;14.9;
2023-06-02;22.9;14.0;23.4;13.9;
2023-06-03;24.5;12.4;26.6;11.3;
2023-06-04;23.4;15.3;25.5;15.8;
2023-06-05;19.0;14.6;18.2;14.7;
2023-06-06;20.6;14.3;22.4;13.2;
2023-06-07;20.4;14.0;19.6;13.9;
2023-06-08;22.8;12.9;25.6;12.4;
2023-06-09;21.7;14.1;25.3;13.9;
2023-06-10;21.0;15.6;21.4;16.0;
2023-06-11;19.7;15.6;19.7;16.0;
2023-06-12;21.6;15.5;21.7;15.9;
2023-06-13;22.0;15.0;21.7;15.0;
2023-06-14;19.6;14.3;22.8;14.7;
2023-06-15;22.1;16.1;24.8;16.5;
2023-06-16;24.1;15.9;27.4;16.8;
2023-06-17;27.1;16.1;30.3;16.8;
2023-06-18;24.0;16.6;25.6;17.1;
2023-06-19;22.9;15.4;25.3;15.4;
2023-06-20;25.5;14.7;27.7;14.9;
2023-06-21;26.1;13.6;28.4;12.9;
2023-06-22;23.8;13.8;26.5;13.1;
2023-06-23;24.5;12.8;27.8;12.0;
2023-06-24;26.7;12.2;29.1;11.5;
2023-06-25;25.9;13.4;28.2;12.9;
2023-06-26;25.1;13.6;27.5;13.4;
2023-06-27;26.3;13.8;28.7;13.7;
2023-06-28;25.6;14.8;28.8;15.5;
2023-06-29;27.6;14.7;30.0;15.5;
2023-06-30;26.1;13.7;29.8;13.9;
2023-07-01;28.5;15.6;32.2;16.5;
2023-07-02;28.7;15.4;33.1;15.9;
2023-07-03;28.8;15.3;32.8;16.2;
2023-07-04;27.1;14.6;30.0;14.9;
2023-07-05;27.6;15.2;29.7;15.9;
2023-07-06;26.2;13.6;29.6;13.5;
2023-07-07;26.8;15.6;29.7;16.1;
2023-07-08;26.2;15.2;29.7;16.0;
2023-07-09;26.7;15.1;30.4;15.6;
2023-07-10;29.9;14.5;32.3;14.1;
2023-07-11;31.7;15.3;34.1;15.8;
2023-07-12;32.8;16.4;33.5;17.3;
2023-07-13;33.2;18.1;34.9;18.6;
2023-07-14;33.4;16.4;34.9;17.2;
2023-07-15;32.7;16.5;36.6;17.8;
2023-07-16;31.4;18.2;36.4;20.2;
2023-07-17;33.9;20.0;37.5;22.1;
2023-07-18;33.1;19.5;35.7;22.0;
2023-07-19;32.9;18.4;36.0;20.8;
2023-07-20;34.3;18.1;37.5;19.4;
2023-07-21;31.1;17.7;35.6;19.2;
2023-07-22;31.1;17.5;34.3;19.4;
2023-07-23;31.9;18.6;35.4;20.3;
2023-07-24;32.4;18.9;36.8;20.4;
2023-07-25;35.9;19.6;38.6;21.9;
2023-07-26;35.2;19.4;37.5;22.2;
2023-07-27;34.6;20.6;39.8;22.4;
2023-07-28;32.4;19.9;37.3;22.7;
2023-07-29;33.5;19.0;37.4;20.6;
2023-07-30;32.3;19.5;36.5;22.1;
2023-07-31;33.4;20.8;37.4;23.4;
2023-08-01;32.7;21.0;36.5;22.9;
2023-08-02;31.6;18.6;35.2;20.0;
2023-08-03;29.3;16.6;32.0;17.6;
2023-08-04;30.2;16.8;33.6;17.5;
2023-08-05;31.1;17.7;34.9;19.0;
2023-08-06;32.1;17.1;36.1;17.6;
2023-08-07;33.0;18.2;34.6;19.7;
2023-08-08;31.5;17.6;34.0;19.1;
2023-08-09;28.0;19.4;32.5;20.4;
2023-08-10;27.8;19.4;31.9;21.2;
2023-08-11;26.3;19.1;29.0;20.9;
2023-08-12;28.9;18.9;33.7;20.9;
2023-08-13;30.1;18.3;34.6;19.6;
2023-08-14;28.6;18.6;32.2;20.5;
2023-08-15;30.0;18.5;33.3;20.7;
2023-08-16;32.3;18.7;35.7;19.7;
2023-08-17;31.7;17.6;35.7;19.0;
2023-08-18;29.7;16.8;32.5;18.4;
2023-08-19;26.6;16.2;28.7;17.3;
2023-08-20;24.8;19.8;28.5;21.8;
2023-08-21;26.3;17.8;30.8;17.3;
2023-08-22;28.8;17.8;31.9;18.9;
2023-08-23;30.2;18.0;34.1;18.8;
2023-08-24;28.4;18.3;31.3;19.9;
2023-08-25;28.7;17.1;31.2;18.6;
2023-08-26;31.9;15.8;34.7;16.5;
2023-08-27;34.6;18.1;36.6;18.0;
2023-08-28;38.3;20.1;40.6;20.1;
2023-08-29;36.5;19.5;39.5;20.8;
2023-08-30;35.8;19.2;37.8;19.0;
2023-08-31;29.9;19.3;33.4;21.8;
2023-09-01;28.4;19.6;30.9;21.3;
2023-09-02;24.8;20.2;28.2;22.2;
2023-09-03;25.6;18.9;26.8;19.5;
2023-09-04;26.4;16.3;30.0;16.3;
2023-09-05;24.1;17.7;25.4;19.7;
2023-09-06;28.9;18.1;33.4;19.6;
2023-09-07;29.1;16.8;32.5;17.6;
2023-09-08;34.9;17.9;36.4;20.0;
2023-09-09;33.6;20.9;36.1;21.1;
2023-09-10;34.6;21.4;37.9;22.7;
2023-09-11;31.5;20.7;36.2;22.3;
2023-09-12;29.3;18.6;32.2;20.2;
2023-09-13;26.9;18.3;29.7;20.3;
2023-09-14;26.6;18.0;29.4;19.2;
2023-09-15;25.1;18.2;27.3;19.5;
2023-09-16;21.5;18.5;23.2;19.8;
2023-09-17;22.3;18.4;23.6;20.3;
2023-09-18;26.3;16.9;29.1;17.8;
2023-09-19;26.7;16.3;29.5;17.3;
2023-09-20;25.9;17.8;27.9;19.3;
2023-09-21;22.8;15.1;23.3;14.7;
2023-09-22;23.9;14.6;25.5;14.5;
2023-09-23;26.1;15.7;27.4;16.8;
2023-09-24;26.8;15.3;30.0;16.2;
2023-09-25;26.7;14.0;28.8;14.5;
2023-09-26;28.6;14.3;29.8;13.6;
2023-09-27;28.8;15.4;30.7;14.6;
2023-09-28;26.4;17.5;28.7;19.0;
2023-09-29;23.2;17.7;23.5;18.3;
2023-09-30;19.4;15.6;20.4;15.8;
2023-10-01;21.4;13.7;20.4;12.8;
2023-10-02;23.2;11.7;25.1;9.8;
2023-10-03;28.4;13.1;29.0;11.8;
2023-10-04;32.8;15.4;32.8;14.4;
2023-10-05;36.1;16.6;35.9;16.1;
2023-10-06;34.3;17.0;34.5;14.7;
2023-10-07;32.3;15.6;34.3;16.2;
2023-10-08;29.9;15.5;31.3;15.8;
2023-10-09;25.8;15.6;27.5;16.9;
2023-10-10;25.1;15.4;26.8;16.0;
2023-10-11;25.6;16.2;27.5;16.1;
2023-10-12;27.9;14.3;29.0;13.2;
2023-10-13;27.6;14.2;27.7;13.5;
2023-10-14;27.3;13.9;28.9;13.4;
2023-10-15;32.1;15.1;31.4;13.2;
2023-10-16;31.4;15.2;32.5;13.6;
2023-10-17;28.9;15.6;30.8;16.5;
2023-10-18;28.3;14.8;30.4;15.1;
2023-10-19;28.8;13.9;31.0;14.0;
2023-10-20;31.1;15.2;33.3;14.9;
2023-10-21;29.4;15.6;30.6;15.0;
2023-10-22;23.8;13.6;25.9;13.1;
2023-10-23;23.5;16.5;23.8;16.2;
2023-10-24;24.8;15.2;26.1;15.5;
2023-10-25;21.7;17.6;21.6;18.1;
2023-10-26;22.8;15.1;23.5;15.3;
2023-10-27;23.4;13.8;24.2;12.6;
2023-10-28;23.1;12.0;23.8;11.0;
2023-10-29;27.9;10.6;24.9;9.7;
2023-10-30;27.4;10.3;23.4;5.8;
2023-10-31;29.7;12.9;26.1;7.4;
2023-11-01;31.2;13.1;28.2;8.4;
2023-11-02;29.6;14.0;26.5;9.8;
2023-11-03;29.0;11.8;25.9;8.4;
2023-11-04;27.1;10.1;26.0;6.5;
2023-11-05;28.7;11.4;27.3;9.6;
2023-11-06;25.4;10.4;25.0;9.5;
2023-11-07;22.5;15.9;21.8;11.8;
2023-11-08;25.3;12.5;22.6;9.9;
2023-11-09;26.2;12.7;22.3;8.0;
2023-11-10;24.8;10.5;20.8;5.9;
2023-11-11;27.8;9.1;24.2;5.0;
2023-11-12;30.3;12.6;26.7;8.0;
2023-11-13;25.3;11.2;22.1;8.0;
2023-11-14;27.3;9.5;24.3;6.8;
2023-11-15;20.9;11.0;17.4;8.1;
2023-11-16;23.2;14.5;24.0;14.9;
2023-11-17;24.5;12.7;23.5;11.5;
2023-11-18;21.4;16.0;22.4;16.6;
2023-11-19;23.8;14.1;18.9;11.5;
2023-11-20;23.5;10.4;20.3;8.2;
2023-11-21;27.4;11.2;24.4;7.2;
2023-11-22;28.1;13.4;25.3;9.0;
2023-11-23;22.2;13.0;20.7;9.9;
2023-11-24;20.9;12.6;19.9;11.7;
2023-11-25;21.5;10.8;19.5;8.6;
2023-11-26;21.3;9.1;17.7;5.1;
2023-11-27;22.7;9.1;19.5;5.2;
2023-11-28;23.0;10.8;20.3;6.9;
2023-11-29;19.0;8.4;16.9;5.7;
2023-11-30;18.9;10.0;17.9;8.2;
2023-12-01;20.3;11.1;18.5;7.7;
2023-12-02;19.9;7.7;18.9;4.2;
2023-12-03;21.4;8.1;19.7;4.7;
2023-12-04;25.2;10.4;23.2;7.7;
2023-12-05;29.6;13.4;27.0;10.3;
2023-12-06;24.8;12.2;23.3;8.9;
2023-12-07;20.2;11.1;18.7;10.0;
2023-12-08;20.2;10.2;18.9;7.8;
2023-12-09;22.8;8.5;19.1;5.4;
2023-12-10;24.3;9.5;20.4;4.4;
2023-12-11;23.2;10.6;20.5;6.2;
2023-12-12;20.5;7.5;19.1;4.4;
2023-12-13;21.2;10.9;18.8;8.8;
2023-12-14;24.6;7.8;21.6;5.1;
2023-12-15;26.4;10.8;22.9;6.3;
2023-12-16;27.5;11.9;23.9;7.9;
2023-12-17;25.5;12.6;22.1;8.5;
2023-12-18;21.9;13.6;20.0;11.0;
2023-12-19;19.7;14.2;19.4;13.6;
2023-12-20;17.0;15.2;17.7;15.0;
2023-12-21;18.2;15.1;18.6;13.3;
2023-12-22;18.9;13.3;18.5;11.3;
2023-12-23;18.1;11.2;18.1;9.5;
2023-12-24;18.9;10.8;18.2;9.2;
2023-12-25;19.6;9.0;18.6;6.9;
2023-12-26;18.9;10.2;18.5;8.7;
2023-12-27;18.5;10.5;18.4;8.6;
2023-12-28;18.9;10.5;18.2;9.2;
2023-12-29;18.9;9.6;18.4;7.8;
2023-12-30;16.2;10.7;15.8;9.1;
2023-12-31;15.7;10.0;14.6;8.5;